continentName,countryName,stateName,confirmedCount,curedCount,deadCount,updateTime
Asia,South Korea,South Korea,5621,41,35,2020-03-04 19:23:03.752
Asia,Iran,Iran,2922,552,92,2020-03-04 12:33:03.752
Asia,Japan,Japan,331,43,6,2020-03-04 19:23:03.752
Asia,Malaysia,Malaysia,50,22,0,2020-03-04 13:03:08.752
Asia,Iraq,Iraq,35,0,2,2020-03-04 20:43:02.752
Asia,Bahrain,Bahrain,52,0,0,2020-03-04 19:33:03.752
Asia,India,India,28,3,0,2020-03-04 12:33:03.752
Asia,Israel,Israel,15,1,0,2020-03-04 12:43:03.752
Asia,Oman,Oman,15,2,0,2020-03-04 19:33:03.752
Asia,Qatar,Qatar,8,0,0,2020-03-04 00:03:15.752
Asia,Lebanon,Lebanon,13,1,0,2020-03-04 16:53:02.752
Europe,Italy,Italy,3089,276,107,2020-03-04 19:23:03.752
Europe,France,France,285,12,4,2020-03-04 20:43:02.752
Europe,Germany,Germany,262,16,0,2020-03-04 19:33:03.752
Europe,Spain,Spain,222,2,2,2020-03-04 20:43:02.752
Europe,Switzerland,Switzerland,90,3,0,2020-03-04 19:33:03.752
Europe,UK,UK,85,8,0,2020-03-04 19:33:03.752
Europe,Norway,Norway,56,0,0,2020-03-04 19:33:03.752
Europe,Croatia,Croatia,10,0,0,2020-03-04 16:53:02.752
Europe,Denmark,Denmark,10,0,0,2020-03-04 00:03:15.752
Europe,Netherlands,Netherlands,38,0,0,2020-03-04 12:33:03.752
Europe,Sweden,Sweden,35,0,0,2020-03-04 12:33:03.752
Europe,Iceland,Iceland,26,0,0,2020-03-04 19:33:03.752
Europe,Belgium,Belgium,23,1,0,2020-03-04 12:33:03.752
Europe,Ireland,Ireland,6,0,0,2020-03-04 21:13:07.752
Europe,Portugal,Portugal,5,0,0,2020-03-04 12:43:03.752
Europe,San Marino,San Marino,16,0,1,2020-03-04 19:33:03.752
Europe,Austria,Austria,29,0,0,2020-03-04 19:33:03.752
Europe,Greece,Greece,9,0,0,2020-03-04 19:33:03.752
Europe,Belarus,Belarus,6,0,0,2020-03-04 12:43:03.752
Europe,Czech Republic,Czech Republic,8,0,0,2020-03-04 19:33:03.752
Europe,Latvia,Latvia,1,0,0,2020-03-04 01:33:07.752
Europe,Romania,Romania,4,1,0,2020-03-04 00:53:02.752
Europe,Saint Barthelemy,Saint Barthelemy,3,0,0,2020-03-04 02:43:03.752
Europe,Hungary,Hungary,2,0,0,2020-03-04 19:33:03.752
Europe,Faroe Islands,Faroe Islands,1,0,0,2020-03-04 12:53:03.752
Europe,Gibraltar,Gibraltar,1,0,0,2020-03-04 13:03:13.752
Europe,Liechtenstein,Liechtenstein,1,0,0,2020-03-04 01:33:07.752
Europe,Poland,Poland,1,0,0,2020-03-04 15:13:18.752
Australia,Australia,New South Wales,22,4,1,2020-03-04 20:43:03.752
Australia,Australia,Victoria,10,4,0,2020-03-04 12:43:03.752
Australia,Australia,South Australia,5,2,0,2020-03-04 21:03:07.752
Australia,Australia,Northern Territory,1,0,0,2020-03-04 19:43:02.752
Australia,New Zealand,New Zealand,3,0,0,2020-03-04 20:13:11.752
North America,US,King County,31,1,9,2020-03-04 19:53:02.752
North America,US,Snohomish County,8,0,1,2020-03-04 19:53:02.752
North America,US,Los Angeles,7,0,0,2020-03-04 18:13:18.752
North America,Canada,British Columbia,12,3,0,2020-03-04 04:23:05.752
North America,US,Westchester County,10,0,0,2020-03-04 21:23:10.752
North America,US,Contra Costa County,1,0,0,2020-03-04 04:23:05.752
North America,US,Placer County,2,0,1,2020-03-04 19:53:02.752
North America,US,Orange County,3,0,0,2020-03-04 02:13:11.752
Africa,Senegal,Senegal,4,0,0,2020-03-04 20:43:02.752
Africa,Tunisia,Tunisia,1,0,0,2020-03-04 01:33:07.752
Africa,Algeria,Algeria,12,0,0,2020-03-04 19:33:03.752
South America,Argentina,Argentina,1,0,0,2020-03-04 01:33:07.752
South America,Ecuador,Ecuador,10,0,0,2020-03-04 19:33:03.752
South America,Brazil,Brazil,4,0,0,2020-03-04 20:33:02.752
South America,Chile,Chile,1,0,0,2020-03-04 01:33:07.752
Asia,South Korea,South Korea,5186,30,28,2020-03-03 09:43:02.752
Asia,Jordan,Jordan,1,0,0,2020-03-03 15:33:02.752
Asia,Iran,Iran,2336,291,77,2020-03-03 14:23:03.752
Asia,Diamond Princess cruise ship,Diamond Princess cruise ship,706,10,6,2020-03-03 03:13:06.752
Asia,Japan,Japan,293,43,6,2020-03-03 20:03:06.752
Asia,Singapore,Singapore,110,78,0,2020-03-03 15:23:03.752
Asia,Pakistan,Pakistan,5,0,0,2020-03-03 04:33:03.752
Asia,Israel,Israel,12,1,0,2020-03-03 04:23:07.752
Asia,Oman,Oman,12,2,0,2020-03-03 15:23:03.752
Asia,Qatar,Qatar,7,0,0,2020-03-03 03:23:03.752
Asia,Malaysia,Malaysia,36,22,0,2020-03-03 12:33:02.752
Asia,Iraq,Iraq,32,0,0,2020-03-03 20:03:06.752
Asia,United Arab Emirates,United Arab Emirates,27,5,0,2020-03-03 23:43:02.752
Europe,Italy,Italy,2502,160,79,2020-03-03 20:03:06.752
Europe,France,France,204,12,4,2020-03-03 15:23:03.752
Europe,Germany,Germany,196,16,0,2020-03-03 20:03:06.752
Europe,Spain,Spain,165,2,1,2020-03-03 23:53:03.752
Europe,Czech Republic,Czech Republic,5,0,0,2020-03-03 15:13:26.752
Europe,Estonia,Estonia,2,0,0,2020-03-03 23:53:03.752
Europe,Switzerland,Switzerland,56,2,0,2020-03-03 16:43:02.752
Europe,UK,UK,51,8,0,2020-03-03 15:13:26.752
Europe,Norway,Norway,32,0,0,2020-03-03 14:33:03.752
Europe,Croatia,Croatia,9,0,0,2020-03-03 09:53:08.752
Europe,Denmark,Denmark,6,0,0,2020-03-03 15:13:26.752
Europe,Netherlands,Netherlands,24,0,0,2020-03-03 15:13:26.752
Europe,Romania,Romania,3,0,0,2020-03-03 00:23:16.752
Europe,Sweden,Sweden,21,0,0,2020-03-03 15:13:26.752
Europe,Belgium,Belgium,13,1,0,2020-03-03 15:13:26.752
Europe,Iceland,Iceland,11,0,0,2020-03-03 15:13:26.752
Europe,Ireland,Ireland,2,0,0,2020-03-03 23:53:03.752
Europe,Ukraine,Ukraine,1,0,0,2020-03-03 15:33:02.752
Europe,Portugal,Portugal,2,0,0,2020-03-03 15:33:02.752
Europe,Luxembourg,Luxembourg,1,0,0,2020-03-03 00:23:16.752
Europe,San Marino,San Marino,10,0,1,2020-03-03 15:23:03.752
Europe,Austria,Austria,21,0,0,2020-03-03 15:13:26.752
Australia,Australia,New South Wales,13,4,0,2020-03-03 15:13:26.752
Australia,Australia,Queensland,11,1,0,2020-03-03 15:23:03.752
North America,US,King County,21,1,6,2020-03-03 20:23:05.752
North America,Canada,Toronto,19,2,0,2020-03-03 20:03:08.752
North America,US,Santa Clara,11,1,0,2020-03-03 23:33:03.752
North America,Canada,British Columbia,9,3,0,2020-03-03 23:53:03.752
North America,US,Fulton County,2,0,0,2020-03-03 03:33:02.752
North America,US,Grafton County,2,0,0,2020-03-03 23:33:03.752
North America,US,Hillsborough,2,0,0,2020-03-03 18:33:02.752
North America,US,San Mateo,2,0,0,2020-03-03 00:43:02.752
North America,US,Washington County,2,0,0,2020-03-03 03:03:02.752
North America,US,Norfolk County,1,0,0,2020-03-03 14:33:03.752
North America,US,Berkeley,1,0,0,2020-03-03 23:53:03.752
North America,US,Madison,1,1,0,2020-03-03 15:53:03.752
North America,US,Maricopa County,1,0,0,2020-03-03 17:33:02.752
North America,US,Wake County,1,0,0,2020-03-03 20:53:02.752
North America,Mexico,Mexico,5,1,0,2020-03-03 10:03:04.752
North America,US,Westchester County,1,0,0,2020-03-03 14:43:03.752
North America,US,Snohomish County,6,0,1,2020-03-03 20:23:05.752
South America,Ecuador,Ecuador,7,0,0,2020-03-03 15:13:26.752
South America,Argentina,Argentina,1,0,0,2020-03-03 17:43:02.752
South America,Chile,Chile,1,0,0,2020-03-03 20:33:02.752
Africa,Algeria,Algeria,5,0,0,2020-03-03 03:23:03.752
Africa,Senegal,Senegal,2,0,0,2020-03-03 23:53:03.752
Africa,Morocco,Morocco,1,0,0,2020-03-03 15:33:02.752
Asia,South Korea,South Korea,4335,30,28,2020-03-02 20:23:16.752
Europe,Italy,Italy,2036,149,52,2020-03-02 20:23:16.752
Asia,Iran,Iran,1501,291,66,2020-03-02 20:23:16.752
Asia,Diamond Princess cruise ship,Diamond Princess cruise ship,705,10,6,2020-03-02 14:33:03.752
Asia,Japan,Japan,274,32,6,2020-03-02 20:33:02.752
Europe,France,France,191,12,3,2020-03-02 20:33:02.752
Europe,Germany,Germany,159,16,0,2020-03-02 20:33:02.752
Europe,Spain,Spain,120,2,0,2020-03-02 14:43:05.752
Asia,Singapore,Singapore,108,78,0,2020-03-02 20:33:02.752
Asia,Kuwait,Kuwait,56,0,0,2020-03-02 20:33:02.752
Asia,Bahrain,Bahrain,49,0,0,2020-03-02 20:33:02.752
North America,US,Unassigned Location (From Diamond Princess),45,0,0,2020-03-02 19:53:03.752
Asia,Thailand,Thailand,43,31,1,2020-03-02 06:23:04.752
Europe,Switzerland,Switzerland,42,0,0,2020-03-02 22:33:09.752
Europe,UK,UK,40,8,0,2020-03-02 20:33:02.752
Asia,Iraq,Iraq,26,0,0,2020-03-02 20:53:02.752
Europe,Norway,Norway,25,0,0,2020-03-02 20:53:02.752
Europe,Austria,Austria,18,0,0,2020-03-02 21:23:04.752
Europe,Netherlands,Netherlands,18,0,0,2020-03-02 20:53:02.752
North America,Canada,Toronto,17,2,0,2020-03-02 20:53:02.752
Europe,Sweden,Sweden,15,0,0,2020-03-02 20:53:02.752
North America,US,King County,14,1,5,2020-03-02 20:23:16.752
Asia,Lebanon,Lebanon,13,0,0,2020-03-02 20:53:02.752
Australia,Australia,Victoria,9,4,0,2020-03-02 00:53:03.752
North America,US,Santa Clara,9,1,0,2020-03-02 20:33:02.752
Europe,Belgium,Belgium,8,1,0,2020-03-02 20:53:02.752
Europe,San Marino,San Marino,8,0,0,2020-03-02 01:03:12.752
Europe,Iceland,Iceland,6,0,0,2020-03-02 22:33:09.752
Asia,India,India,5,3,0,2020-03-02 22:33:09.752
North America,US,Cook County,4,2,0,2020-03-02 20:33:02.752
North America,US,Snohomish County,4,0,1,2020-03-02 20:53:02.752
Africa,Algeria,Algeria,3,0,0,2020-03-02 00:53:03.752
Europe,Czech Republic,Czech Republic,3,0,0,2020-03-02 16:33:02.752
Europe,Russia,Russia,3,2,0,2020-03-02 21:23:04.752
Asia,Indonesia,Indonesia,2,0,0,2020-03-02 18:03:04.752
Europe,Portugal,Portugal,2,0,0,2020-03-02 22:43:02.752
North America,US,Portland,2,0,0,2020-03-02 03:33:08.752
North America,US,Providence,2,0,0,2020-03-02 03:43:02.752
Europe,Andorra,Andorra,1,0,0,2020-03-02 20:23:16.752
Australia,Australia,Tasmania,1,0,0,2020-03-02 20:53:02.752
North America,Dominican Republic,Dominican Republic,1,0,0,2020-03-02 16:33:02.752
Europe,Latvia,Latvia,1,0,0,2020-03-02 20:13:49.752
Africa,Morocco,Morocco,1,0,0,2020-03-02 22:33:09.752
Asia,Saudi Arabia,Saudi Arabia,1,0,0,2020-03-02 23:53:02.752
Africa,Senegal,Senegal,1,0,0,2020-03-02 20:23:16.752
North America,US,Grafton County,1,0,0,2020-03-02 20:33:02.752
North America,US,Hillsborough,1,0,0,2020-03-02 03:13:25.752
North America,US,New York City,1,0,0,2020-03-02 01:53:03.752
North America,US,Placer County,1,0,0,2020-03-02 23:53:02.752
North America,US,San Mateo,1,0,0,2020-03-02 20:43:02.752
North America,US,Sarasota,1,0,0,2020-03-02 03:23:06.752
North America,US,Sonoma County,1,0,0,2020-03-02 20:53:02.752
North America,US,Umatilla,1,0,0,2020-03-02 20:23:16.752
Asia,Diamond Princess cruise ship,Diamond Princess cruise ship,61,0,0,2020-02-07 23:16:54.752
Asia,Diamond Princess cruise ship,Diamond Princess cruise ship,64,0,0,2020-02-09 23:16:54.752
Asia,Diamond Princess cruise ship,Diamond Princess cruise ship,135,0,0,2020-02-10 23:16:54.752
Asia,Diamond Princess cruise ship,Diamond Princess cruise ship,175,0,0,2020-02-12 23:16:54.752
Asia,Diamond Princess cruise ship,Diamond Princess cruise ship,218,0,0,2020-02-14 23:16:54.752
Asia,Diamond Princess cruise ship,Diamond Princess cruise ship,285,0,0,2020-02-15 23:16:54.752
Asia,Diamond Princess cruise ship,Diamond Princess cruise ship,355,0,0,2020-02-16 23:16:54.752
Asia,Diamond Princess cruise ship,Diamond Princess cruise ship,454,0,0,2020-02-17 23:16:54.752
Asia,Diamond Princess cruise ship,Diamond Princess cruise ship,542,0,0,2020-02-18 23:16:54.752
Asia,Diamond Princess cruise ship,Diamond Princess cruise ship,621,1,0,2020-02-19 23:16:54.752
Asia,Diamond Princess cruise ship,Diamond Princess cruise ship,634,1,2,2020-02-20 23:16:54.752
Asia,Diamond Princess cruise ship,Diamond Princess cruise ship,691,1,3,2020-02-23 23:16:54.752
Asia,Diamond Princess cruise ship,Diamond Princess cruise ship,705,10,4,2020-02-26 23:16:54.752
Asia,Diamond Princess cruise ship,Diamond Princess cruise ship,705,10,6,2020-02-28 23:16:54.752
Asia,South Korea,South Korea,2,0,0,2020-01-24 23:16:54.752
Asia,South Korea,South Korea,3,0,0,2020-01-26 23:16:54.752
Asia,South Korea,South Korea,4,0,0,2020-01-27 23:16:54.752
Asia,South Korea,South Korea,11,0,0,2020-01-31 23:16:54.752
Asia,South Korea,South Korea,12,0,0,2020-02-01 23:16:54.752
Asia,South Korea,South Korea,15,0,0,2020-02-02 23:16:54.752
Asia,South Korea,South Korea,16,0,0,2020-02-03 23:16:54.752
Asia,South Korea,South Korea,19,0,0,2020-02-04 23:16:54.752
Asia,South Korea,South Korea,23,0,0,2020-02-06 23:16:54.752
Asia,South Korea,South Korea,24,1,0,2020-02-07 23:16:54.752
Asia,South Korea,South Korea,25,3,0,2020-02-09 23:16:54.752
Asia,South Korea,South Korea,27,3,0,2020-02-10 23:16:54.752
Asia,South Korea,South Korea,28,3,0,2020-02-11 23:16:54.752
Asia,South Korea,South Korea,28,7,0,2020-02-12 23:16:54.752
Asia,South Korea,South Korea,28,9,0,2020-02-15 23:16:54.752
Asia,South Korea,South Korea,29,9,0,2020-02-16 23:16:54.752
Asia,South Korea,South Korea,30,10,0,2020-02-17 23:16:54.752
Asia,South Korea,South Korea,31,12,0,2020-02-18 23:16:54.752
Asia,South Korea,South Korea,104,16,1,2020-02-20 23:16:54.752
Asia,South Korea,South Korea,204,16,2,2020-02-21 23:16:54.752
Asia,South Korea,South Korea,433,16,2,2020-02-22 23:16:54.752
Asia,South Korea,South Korea,602,18,6,2020-02-23 23:16:54.752
Asia,South Korea,South Korea,833,18,8,2020-02-24 23:16:54.752
Asia,South Korea,South Korea,977,22,10,2020-02-25 23:16:54.752
Asia,South Korea,South Korea,1261,22,12,2020-02-26 23:16:54.752
Asia,South Korea,South Korea,1766,22,13,2020-02-27 23:16:54.752
Asia,South Korea,South Korea,2337,22,13,2020-02-28 23:16:54.752
Asia,South Korea,South Korea,3150,27,16,2020-02-29 23:16:54.752
Asia,South Korea,South Korea,3736,30,17,2020-03-01 23:16:54.752
Asia,Japan,Japan,2,0,0,2020-01-24 23:16:54.752
Asia,Japan,Japan,4,1,0,2020-01-26 23:16:54.752
Asia,Japan,Japan,7,1,0,2020-01-28 23:16:54.752
Asia,Japan,Japan,11,1,0,2020-01-30 23:16:54.752
Asia,Japan,Japan,15,1,0,2020-01-31 23:16:54.752
Asia,Japan,Japan,20,1,0,2020-02-01 23:16:54.752
Asia,Japan,Japan,22,1,0,2020-02-04 23:16:54.752
Asia,Japan,Japan,25,1,0,2020-02-07 23:16:54.752
Asia,Japan,Japan,26,1,0,2020-02-09 23:16:54.752
Asia,Japan,Japan,26,4,0,2020-02-10 23:16:54.752
Asia,Japan,Japan,26,9,0,2020-02-11 23:16:54.752
Asia,Japan,Japan,28,9,0,2020-02-12 23:16:54.752
Asia,Japan,Japan,28,9,1,2020-02-13 23:16:54.752
Asia,Japan,Japan,29,9,1,2020-02-14 23:16:54.752
Asia,Japan,Japan,43,12,1,2020-02-15 23:16:54.752
Asia,Japan,Japan,59,12,1,2020-02-16 23:16:54.752
Asia,Japan,Japan,66,12,1,2020-02-17 23:16:54.752
Asia,Japan,Japan,74,13,1,2020-02-18 23:16:54.752
Asia,Japan,Japan,84,18,1,2020-02-19 23:16:54.752
Asia,Japan,Japan,94,18,1,2020-02-20 23:16:54.752
Asia,Japan,Japan,105,22,1,2020-02-21 23:16:54.752
Asia,Japan,Japan,122,22,1,2020-02-22 23:16:54.752
Asia,Japan,Japan,147,22,1,2020-02-23 23:16:54.752
Asia,Japan,Japan,159,22,1,2020-02-24 23:16:54.752
Asia,Japan,Japan,170,22,1,2020-02-25 23:16:54.752
Asia,Japan,Japan,189,22,2,2020-02-26 23:16:54.752
Asia,Japan,Japan,214,22,4,2020-02-27 23:16:54.752
Asia,Japan,Japan,228,22,4,2020-02-28 23:16:54.752
Asia,Japan,Japan,241,32,5,2020-02-29 23:16:54.752
Asia,Japan,Japan,256,32,6,2020-03-01 23:16:54.752
Europe,Italy,Italy,2,0,0,2020-01-31 23:16:54.752
Europe,Italy,Italy,3,0,0,2020-02-07 23:16:54.752
Europe,Italy,Italy,20,0,1,2020-02-21 23:16:54.752
Europe,Italy,Italy,62,1,2,2020-02-22 23:16:54.752
Europe,Italy,Italy,155,2,3,2020-02-23 23:16:54.752
Europe,Italy,Italy,229,2,7,2020-02-24 23:16:54.752
Europe,Italy,Italy,322,2,10,2020-02-25 23:16:54.752
Europe,Italy,Italy,453,3,12,2020-02-26 23:16:54.752
Europe,Italy,Italy,655,45,17,2020-02-27 23:16:54.752
Europe,Italy,Italy,888,46,21,2020-02-28 23:16:54.752
Europe,Italy,Italy,1128,46,29,2020-02-29 23:16:54.752
Europe,Italy,Italy,1694,83,34,2020-03-01 23:16:54.752
Asia,Singapore,Singapore,3,0,0,2020-01-24 23:16:54.752
Asia,Singapore,Singapore,4,0,0,2020-01-26 23:16:54.752
Asia,Singapore,Singapore,5,0,0,2020-01-27 23:16:54.752
Asia,Singapore,Singapore,7,0,0,2020-01-28 23:16:54.752
Asia,Singapore,Singapore,10,0,0,2020-01-30 23:16:54.752
Asia,Singapore,Singapore,13,0,0,2020-01-31 23:16:54.752
Asia,Singapore,Singapore,16,0,0,2020-02-01 23:16:54.752
Asia,Singapore,Singapore,18,0,0,2020-02-02 23:16:54.752
Asia,Singapore,Singapore,24,0,0,2020-02-04 23:16:54.752
Asia,Singapore,Singapore,28,0,0,2020-02-05 23:16:54.752
Asia,Singapore,Singapore,30,0,0,2020-02-07 23:16:54.752
Asia,Singapore,Singapore,33,2,0,2020-02-08 23:16:54.752
Asia,Singapore,Singapore,40,2,0,2020-02-09 23:16:54.752
Asia,Singapore,Singapore,45,2,0,2020-02-10 23:16:54.752
Asia,Singapore,Singapore,47,9,0,2020-02-11 23:16:54.752
Asia,Singapore,Singapore,50,15,0,2020-02-12 23:16:54.752
Asia,Singapore,Singapore,58,15,0,2020-02-13 23:16:54.752
Asia,Singapore,Singapore,67,17,0,2020-02-14 23:16:54.752
Asia,Singapore,Singapore,72,18,0,2020-02-15 23:16:54.752
Asia,Singapore,Singapore,75,18,0,2020-02-16 23:16:54.752
Asia,Singapore,Singapore,77,24,0,2020-02-17 23:16:54.752
Asia,Singapore,Singapore,81,29,0,2020-02-18 23:16:54.752
Asia,Singapore,Singapore,84,34,0,2020-02-19 23:16:54.752
Asia,Singapore,Singapore,85,37,0,2020-02-21 23:16:54.752
Asia,Singapore,Singapore,89,51,0,2020-02-23 23:16:54.752
Asia,Singapore,Singapore,91,53,0,2020-02-25 23:16:54.752
Asia,Singapore,Singapore,93,62,0,2020-02-26 23:16:54.752
Asia,Singapore,Singapore,102,72,0,2020-02-29 23:16:54.752
Asia,Singapore,Singapore,106,72,0,2020-03-01 23:16:54.752
Europe,France,France,2,0,0,2020-01-24 23:16:54.752
Europe,France,France,3,0,0,2020-01-26 23:16:54.752
Europe,France,France,4,0,0,2020-01-28 23:16:54.752
Europe,France,France,5,0,0,2020-01-29 23:16:54.752
Europe,France,France,6,0,0,2020-01-30 23:16:54.752
Europe,France,France,11,0,0,2020-02-08 23:16:54.752
Europe,France,France,11,2,0,2020-02-12 23:16:54.752
Europe,France,France,11,3,0,2020-02-13 23:16:54.752
Europe,France,France,12,4,1,2020-02-15 23:16:54.752
Europe,France,France,12,10,1,2020-02-21 23:16:54.752
Europe,France,France,12,11,1,2020-02-24 23:16:54.752
Europe,France,France,14,11,1,2020-02-25 23:16:54.752
Europe,France,France,18,11,1,2020-02-26 23:16:54.752
Europe,France,France,38,11,2,2020-02-27 23:16:54.752
Europe,France,France,57,11,2,2020-02-28 23:16:54.752
Europe,France,France,100,12,2,2020-02-29 23:16:54.752
Europe,France,France,130,12,2,2020-03-01 23:16:54.752
Europe,Germany,Germany,4,0,0,2020-01-28 23:16:54.752
Europe,Germany,Germany,5,0,0,2020-01-31 23:16:54.752
Europe,Germany,Germany,8,0,0,2020-02-01 23:16:54.752
Europe,Germany,Germany,10,0,0,2020-02-02 23:16:54.752
Europe,Germany,Germany,12,0,0,2020-02-03 23:16:54.752
Europe,Germany,Germany,13,0,0,2020-02-07 23:16:54.752
Europe,Germany,Germany,14,0,0,2020-02-09 23:16:54.752
Europe,Germany,Germany,16,0,0,2020-02-11 23:16:54.752
Europe,Germany,Germany,16,1,0,2020-02-13 23:16:54.752
Europe,Germany,Germany,16,12,0,2020-02-18 23:16:54.752
Europe,Germany,Germany,16,14,0,2020-02-21 23:16:54.752
Europe,Germany,Germany,17,14,0,2020-02-25 23:16:54.752
Europe,Germany,Germany,27,15,0,2020-02-26 23:16:54.752
Europe,Germany,Germany,46,16,0,2020-02-27 23:16:54.752
Europe,Germany,Germany,48,16,0,2020-02-28 23:16:54.752
Europe,Germany,Germany,79,16,0,2020-02-29 23:16:54.752
Europe,Germany,Germany,130,16,0,2020-03-01 23:16:54.752
Asia,Thailand,Thailand,5,0,0,2020-01-24 23:16:54.752
Asia,Thailand,Thailand,7,0,0,2020-01-25 23:16:54.752
Asia,Thailand,Thailand,8,2,0,2020-01-26 23:16:54.752
Asia,Thailand,Thailand,14,5,0,2020-01-28 23:16:54.752
Asia,Thailand,Thailand,19,5,0,2020-01-31 23:16:54.752
Asia,Thailand,Thailand,25,5,0,2020-02-04 23:16:54.752
Asia,Thailand,Thailand,32,10,0,2020-02-08 23:16:54.752
Asia,Thailand,Thailand,33,10,0,2020-02-11 23:16:54.752
Asia,Thailand,Thailand,33,12,0,2020-02-13 23:16:54.752
Asia,Thailand,Thailand,34,14,0,2020-02-16 23:16:54.752
Asia,Thailand,Thailand,35,15,0,2020-02-17 23:16:54.752
Asia,Thailand,Thailand,35,17,0,2020-02-21 23:16:54.752
Asia,Thailand,Thailand,35,21,0,2020-02-23 23:16:54.752
Asia,Thailand,Thailand,37,22,0,2020-02-25 23:16:54.752
Asia,Thailand,Thailand,40,22,0,2020-02-26 23:16:54.752
Asia,Thailand,Thailand,41,28,0,2020-02-28 23:16:54.752
Asia,Thailand,Thailand,42,28,0,2020-02-29 23:16:54.752
Asia,Thailand,Thailand,42,28,1,2020-03-01 23:16:54.752
Asia,Malaysia,Malaysia,3,0,0,2020-01-25 23:16:54.752
Asia,Malaysia,Malaysia,4,0,0,2020-01-26 23:16:54.752
Asia,Malaysia,Malaysia,7,0,0,2020-01-29 23:16:54.752
Asia,Malaysia,Malaysia,8,0,0,2020-01-30 23:16:54.752
Asia,Malaysia,Malaysia,10,0,0,2020-02-04 23:16:54.752
Asia,Malaysia,Malaysia,12,0,0,2020-02-05 23:16:54.752
Asia,Malaysia,Malaysia,12,1,0,2020-02-07 23:16:54.752
Asia,Malaysia,Malaysia,16,1,0,2020-02-08 23:16:54.752
Asia,Malaysia,Malaysia,18,1,0,2020-02-10 23:16:54.752
Asia,Malaysia,Malaysia,18,3,0,2020-02-11 23:16:54.752
Asia,Malaysia,Malaysia,19,3,0,2020-02-13 23:16:54.752
Asia,Malaysia,Malaysia,22,7,0,2020-02-15 23:16:54.752
Asia,Malaysia,Malaysia,22,13,0,2020-02-18 23:16:54.752
Asia,Malaysia,Malaysia,22,15,0,2020-02-19 23:16:54.752
Asia,Malaysia,Malaysia,22,18,0,2020-02-24 23:16:54.752
Asia,Malaysia,Malaysia,23,18,0,2020-02-27 23:16:54.752
Asia,Malaysia,Malaysia,25,18,0,2020-02-29 23:16:54.752
Asia,Malaysia,Malaysia,29,18,0,2020-03-01 23:16:54.752
Asia,Afghanistan,Afghanistan,1,0,0,2020-02-24 23:16:54.752
Africa,Algeria,Algeria,1,0,0,2020-02-25 23:16:54.752
Asia,Armenia,Armenia,1,0,0,2020-03-01 23:16:54.752
Europe,Austria,Austria,1,0,0,2020-02-25 23:16:54.752
Europe,Austria,Austria,2,0,0,2020-02-26 23:16:54.752
Europe,Austria,Austria,3,0,0,2020-02-27 23:16:54.752
Europe,Austria,Austria,9,0,0,2020-02-29 23:16:54.752
Europe,Austria,Austria,14,0,0,2020-03-01 23:16:54.752
Australia,Australia,From Diamond Princess,4,0,0,2020-02-21 23:16:54.752
Australia,Australia,From Diamond Princess,8,0,0,2020-02-27 23:16:54.752
Australia,Australia,From Diamond Princess,0,0,0,2020-02-29 23:16:54.752
Australia,Australia,New South Wales,4,0,0,2020-01-27 23:16:54.752
Australia,Australia,New South Wales,4,2,0,2020-01-30 23:16:54.752
Australia,Australia,New South Wales,4,4,0,2020-02-13 23:16:54.752
Australia,Australia,New South Wales,6,4,0,2020-03-01 23:16:54.752
Australia,Australia,Queensland,3,0,0,2020-01-30 23:16:54.752
Australia,Australia,Queensland,2,0,0,2020-01-31 23:16:54.752
Australia,Australia,Queensland,3,0,0,2020-02-01 23:16:54.752
Australia,Australia,Queensland,2,0,0,2020-02-02 23:16:54.752
Australia,Australia,Queensland,3,0,0,2020-02-04 23:16:54.752
Australia,Australia,Queensland,4,0,0,2020-02-06 23:16:54.752
Australia,Australia,Queensland,5,0,0,2020-02-07 23:16:54.752
Australia,Australia,Queensland,5,1,0,2020-02-21 23:16:54.752
Australia,Australia,Queensland,9,1,0,2020-02-29 23:16:54.752
Australia,Australia,South Australia,1,0,0,2020-01-30 23:16:54.752
Australia,Australia,South Australia,2,0,0,2020-02-02 23:16:54.752
Australia,Australia,South Australia,2,2,0,2020-02-17 23:16:54.752
Australia,Australia,South Australia,3,2,0,2020-02-29 23:16:54.752
Australia,Australia,Western Australia,2,0,0,2020-02-29 23:16:54.752
Australia,Australia,Western Australia,2,0,1,2020-03-01 23:16:54.752
Australia,Australia,Victoria,1,0,0,2020-01-27 23:16:54.752
Australia,Australia,Victoria,2,0,0,2020-01-30 23:16:54.752
Australia,Australia,Victoria,3,0,0,2020-01-31 23:16:54.752
Australia,Australia,Victoria,4,0,0,2020-02-01 23:16:54.752
Australia,Australia,Victoria,4,4,0,2020-02-13 23:16:54.752
Australia,Australia,Victoria,7,4,0,2020-02-29 23:16:54.752
Asia,Azerbaijan,Azerbaijan,1,0,0,2020-02-28 23:16:54.752
Asia,Azerbaijan,Azerbaijan,3,0,0,2020-03-01 23:16:54.752
Asia,Bahrain,Bahrain,1,0,0,2020-02-24 23:16:54.752
Asia,Bahrain,Bahrain,23,0,0,2020-02-25 23:16:54.752
Asia,Bahrain,Bahrain,33,0,0,2020-02-26 23:16:54.752
Asia,Bahrain,Bahrain,36,0,0,2020-02-28 23:16:54.752
Asia,Bahrain,Bahrain,41,0,0,2020-02-29 23:16:54.752
Asia,Bahrain,Bahrain,74,0,0,2020-03-01 23:16:54.752
Europe,Belarus,Belarus,1,0,0,2020-02-28 23:16:54.752
Europe,Belgium,Belgium,1,0,0,2020-02-04 23:16:54.752
Europe,Belgium,Belgium,1,1,0,2020-02-17 23:16:54.752
Europe,Belgium,Belgium,2,1,0,2020-03-01 23:16:54.752
South America,Brazil,Brazil,1,0,0,2020-02-26 23:16:54.752
South America,Brazil,Brazil,2,0,0,2020-02-29 23:16:54.752
Asia,Cambodia,Cambodia,1,0,0,2020-01-27 23:16:54.752
Asia,Cambodia,Cambodia,1,1,0,2020-02-12 23:16:54.752
North America,Canada,British Columbia,1,0,0,2020-01-28 23:16:54.752
North America,Canada,British Columbia,2,0,0,2020-02-05 23:16:54.752
North America,Canada,British Columbia,4,0,0,2020-02-07 23:16:54.752
North America,Canada,British Columbia,5,0,0,2020-02-17 23:16:54.752
North America,Canada,British Columbia,6,0,0,2020-02-21 23:16:54.752
North America,Canada,British Columbia,7,0,0,2020-02-25 23:16:54.752
North America,Canada,British Columbia,7,3,0,2020-02-27 23:16:54.752
North America,Canada,British Columbia,8,3,0,2020-02-29 23:16:54.752
North America,Canada,London,1,0,0,2020-02-04 23:16:54.752
North America,Canada,London,1,1,0,2020-02-12 23:16:54.752
North America,Canada,Montreal,1,0,0,2020-02-28 23:16:54.752
North America,Canada,Ontario,1,0,0,2020-01-26 23:16:54.752
North America,Canada,Ontario,2,0,0,2020-01-30 23:16:54.752
North America,Canada,Ontario,3,0,0,2020-02-01 23:16:54.752
North America,Canada,Toronto,2,0,0,2020-02-04 23:16:54.752
North America,Canada,Toronto,2,2,0,2020-02-21 23:16:54.752
North America,Canada,Toronto,3,2,0,2020-02-24 23:16:54.752
North America,Canada,Toronto,5,2,0,2020-02-27 23:16:54.752
North America,Canada,Toronto,10,2,0,2020-02-29 23:16:54.752
North America,Canada,Toronto,14,2,0,2020-03-01 23:16:54.752
Europe,Croatia,Croatia,1,0,0,2020-02-25 23:16:54.752
Europe,Croatia,Croatia,3,0,0,2020-02-26 23:16:54.752
Europe,Croatia,Croatia,5,0,0,2020-02-28 23:16:54.752
Europe,Croatia,Croatia,6,0,0,2020-02-29 23:16:54.752
Europe,Croatia,Croatia,7,0,0,2020-03-01 23:16:54.752
Europe,Czech Republic,Czech Republic,3,0,0,2020-03-01 23:16:54.752
Europe,Denmark,Denmark,1,0,0,2020-02-27 23:16:54.752
Europe,Denmark,Denmark,3,0,0,2020-02-29 23:16:54.752
Europe,Denmark,Denmark,4,0,0,2020-03-01 23:16:54.752
North America,Dominican Republic,Dominican Republic,1,0,0,2020-03-01 23:16:54.752
South America,Ecuador,Ecuador,6,0,0,2020-03-01 23:16:54.752
Africa,Egypt,Egypt,1,0,0,2020-02-14 23:16:54.752
Africa,Egypt,Egypt,1,1,0,2020-02-28 23:16:54.752
Africa,Egypt,Egypt,2,1,0,2020-03-01 23:16:54.752
Europe,Estonia,Estonia,1,0,0,2020-02-27 23:16:54.752
Europe,Finland,Finland,1,0,0,2020-01-29 23:16:54.752
Europe,Finland,Finland,1,1,0,2020-02-12 23:16:54.752
Europe,Finland,Finland,2,1,0,2020-02-26 23:16:54.752
Europe,Finland,Finland,3,1,0,2020-02-29 23:16:54.752
Europe,Finland,Finland,6,1,0,2020-03-01 23:16:54.752
Asia,Georgia,Georgia,1,0,0,2020-02-26 23:16:54.752
Asia,Georgia,Georgia,3,0,0,2020-03-01 23:16:54.752
Europe,Greece,Greece,1,0,0,2020-02-26 23:16:54.752
Europe,Greece,Greece,3,0,0,2020-02-27 23:16:54.752
Europe,Greece,Greece,4,0,0,2020-02-28 23:16:54.752
Europe,Greece,Greece,7,0,0,2020-03-01 23:16:54.752
Europe,Iceland,Iceland,1,0,0,2020-02-28 23:16:54.752
Europe,Iceland,Iceland,3,0,0,2020-03-01 23:16:54.752
Asia,India,India,1,0,0,2020-01-30 23:16:54.752
Asia,India,India,2,0,0,2020-02-02 23:16:54.752
Asia,India,India,3,0,0,2020-02-03 23:16:54.752
Asia,India,India,3,3,0,2020-02-16 23:16:54.752
Asia,Iran,Iran,2,0,2,2020-02-19 23:16:54.752
Asia,Iran,Iran,5,0,2,2020-02-20 23:16:54.752
Asia,Iran,Iran,18,0,4,2020-02-21 23:16:54.752
Asia,Iran,Iran,28,0,5,2020-02-22 23:16:54.752
Asia,Iran,Iran,43,0,8,2020-02-23 23:16:54.752
Asia,Iran,Iran,61,0,12,2020-02-24 23:16:54.752
Asia,Iran,Iran,95,0,16,2020-02-25 23:16:54.752
Asia,Iran,Iran,139,49,19,2020-02-26 23:16:54.752
Asia,Iran,Iran,245,49,26,2020-02-27 23:16:54.752
Asia,Iran,Iran,388,73,34,2020-02-28 23:16:54.752
Asia,Iran,Iran,593,123,43,2020-02-29 23:16:54.752
Asia,Iran,Iran,978,175,54,2020-03-01 23:16:54.752
Asia,Iraq,Iraq,1,0,0,2020-02-24 23:16:54.752
Asia,Iraq,Iraq,5,0,0,2020-02-26 23:16:54.752
Asia,Iraq,Iraq,7,0,0,2020-02-27 23:16:54.752
Asia,Iraq,Iraq,13,0,0,2020-02-29 23:16:54.752
Asia,Iraq,Iraq,19,0,0,2020-03-01 23:16:54.752
Europe,Ireland,Ireland,1,0,0,2020-03-01 23:16:54.752
Asia,Israel,From Diamond Princess,1,0,0,2020-02-21 23:16:54.752
Asia,Israel,Israel,2,0,0,2020-02-26 23:16:54.752
Asia,Israel,Israel,3,1,0,2020-02-27 23:16:54.752
Asia,Israel,Israel,4,1,0,2020-02-28 23:16:54.752
Asia,Israel,Israel,7,1,0,2020-02-29 23:16:54.752
Asia,Israel,Israel,10,1,0,2020-03-01 23:16:54.752
Asia,Kuwait,Kuwait,1,0,0,2020-02-24 23:16:54.752
Asia,Kuwait,Kuwait,11,0,0,2020-02-25 23:16:54.752
Asia,Kuwait,Kuwait,26,0,0,2020-02-26 23:16:54.752
Asia,Kuwait,Kuwait,43,0,0,2020-02-27 23:16:54.752
Asia,Kuwait,Kuwait,45,0,0,2020-02-28 23:16:54.752
Asia,Lebanon,Lebanon,1,0,0,2020-02-21 23:16:54.752
Asia,Lebanon,Lebanon,2,0,0,2020-02-26 23:16:54.752
Asia,Lebanon,Lebanon,4,0,0,2020-02-29 23:16:54.752
Asia,Lebanon,Lebanon,10,0,0,2020-03-01 23:16:54.752
Europe,Lithuania,Lithuania,1,0,0,2020-02-28 23:16:54.752
Europe,Luxembourg,Luxembourg,1,0,0,2020-02-29 23:16:54.752
North America,Mexico,Mexico,1,0,0,2020-02-28 23:16:54.752
North America,Mexico,Mexico,4,0,0,2020-02-29 23:16:54.752
North America,Mexico,Mexico,5,0,0,2020-03-01 23:16:54.752
Europe,Monaco,Monaco,1,0,0,2020-02-29 23:16:54.752
Asia,Nepal,Nepal,1,0,0,2020-01-25 23:16:54.752
Asia,Nepal,Nepal,1,1,0,2020-02-12 23:16:54.752
Europe,Netherlands,Netherlands,1,0,0,2020-02-27 23:16:54.752
Europe,Netherlands,Netherlands,6,0,0,2020-02-29 23:16:54.752
Europe,Netherlands,Netherlands,10,0,0,2020-03-01 23:16:54.752
Australia,New Zealand,New Zealand,1,0,0,2020-02-28 23:16:54.752
Africa,Nigeria,Nigeria,1,0,0,2020-02-28 23:16:54.752
Europe,North Ireland,North Ireland,1,0,0,2020-02-28 23:16:54.752
Europe,North Macedonia,North Macedonia,1,0,0,2020-02-26 23:16:54.752
Europe,Norway,Norway,1,0,0,2020-02-26 23:16:54.752
Europe,Norway,Norway,6,0,0,2020-02-28 23:16:54.752
Europe,Norway,Norway,15,0,0,2020-02-29 23:16:54.752
Europe,Norway,Norway,19,0,0,2020-03-01 23:16:54.752
Asia,Oman,Oman,2,0,0,2020-02-24 23:16:54.752
Asia,Oman,Oman,4,0,0,2020-02-26 23:16:54.752
Asia,Oman,Oman,6,1,0,2020-02-29 23:16:54.752
Asia,Pakistan,Pakistan,2,0,0,2020-02-26 23:16:54.752
Asia,Pakistan,Pakistan,4,0,0,2020-02-29 23:16:54.752
Asia,Philippines,Philippines,1,0,0,2020-01-30 23:16:54.752
Asia,Philippines,Philippines,2,0,1,2020-02-02 23:16:54.752
Asia,Philippines,Philippines,3,0,1,2020-02-07 23:16:54.752
Asia,Philippines,Philippines,3,1,1,2020-02-12 23:16:54.752
Asia,Qatar,Qatar,1,0,0,2020-02-29 23:16:54.752
Asia,Qatar,Qatar,3,0,0,2020-03-01 23:16:54.752
Europe,Romania,Romania,1,0,0,2020-02-26 23:16:54.752
Europe,Romania,Romania,3,0,0,2020-02-28 23:16:54.752
Europe,Russia,Russia,2,0,0,2020-01-31 23:16:54.752
Europe,Russia,Russia,2,2,0,2020-02-12 23:16:54.752
Europe,San Marino,San Marino,1,0,0,2020-02-27 23:16:54.752
Europe,Spain,Spain,1,0,0,2020-02-01 23:16:54.752
Europe,Spain,Spain,2,0,0,2020-02-09 23:16:54.752
Europe,Spain,Spain,2,2,0,2020-02-15 23:16:54.752
Europe,Spain,Spain,6,2,0,2020-02-25 23:16:54.752
Europe,Spain,Spain,13,2,0,2020-02-26 23:16:54.752
Europe,Spain,Spain,15,2,0,2020-02-27 23:16:54.752
Europe,Spain,Spain,32,2,0,2020-02-28 23:16:54.752
Europe,Spain,Spain,45,2,0,2020-02-29 23:16:54.752
Europe,Spain,Spain,84,2,0,2020-03-01 23:16:54.752
Asia,Sri Lanka,Sri Lanka,1,0,0,2020-01-27 23:16:54.752
Asia,Sri Lanka,Sri Lanka,1,1,0,2020-02-08 23:16:54.752
Europe,Sweden,Sweden,2,0,0,2020-01-31 23:16:54.752
Europe,Sweden,Sweden,1,0,0,2020-02-03 23:16:54.752
Europe,Sweden,Sweden,2,0,0,2020-02-26 23:16:54.752
Europe,Sweden,Sweden,7,0,0,2020-02-27 23:16:54.752
Europe,Sweden,Sweden,12,0,0,2020-02-29 23:16:54.752
Europe,Sweden,Sweden,14,0,0,2020-03-01 23:16:54.752
Europe,Switzerland,Switzerland,1,0,0,2020-02-25 23:16:54.752
Europe,Switzerland,Switzerland,8,0,0,2020-02-27 23:16:54.752
Europe,Switzerland,Switzerland,18,0,0,2020-02-29 23:16:54.752
Europe,Switzerland,Switzerland,27,0,0,2020-03-01 23:16:54.752
Europe,UK,UK,2,0,0,2020-01-31 23:16:54.752
Europe,UK,UK,3,0,0,2020-02-07 23:16:54.752
Europe,UK,UK,8,0,0,2020-02-10 23:16:54.752
Europe,UK,UK,9,1,0,2020-02-12 23:16:54.752
Europe,UK,UK,9,8,0,2020-02-16 23:16:54.752
Europe,UK,UK,13,8,0,2020-02-24 23:16:54.752
Europe,UK,UK,15,8,0,2020-02-27 23:16:54.752
Europe,UK,UK,20,8,0,2020-02-28 23:16:54.752
Europe,UK,UK,23,8,0,2020-02-29 23:16:54.752
Europe,UK,UK,36,8,0,2020-03-01 23:16:54.752
Asia,United Arab Emirates,United Arab Emirates,4,0,0,2020-01-29 23:16:54.752
Asia,United Arab Emirates,United Arab Emirates,5,0,0,2020-02-02 23:16:54.752
Asia,United Arab Emirates,United Arab Emirates,7,0,0,2020-02-08 23:16:54.752
Asia,United Arab Emirates,United Arab Emirates,8,0,0,2020-02-10 23:16:54.752
Asia,United Arab Emirates,United Arab Emirates,8,1,0,2020-02-12 23:16:54.752
Asia,United Arab Emirates,United Arab Emirates,8,3,0,2020-02-15 23:16:54.752
Asia,United Arab Emirates,United Arab Emirates,9,4,0,2020-02-16 23:16:54.752
Asia,United Arab Emirates,United Arab Emirates,13,4,0,2020-02-22 23:16:54.752
Asia,United Arab Emirates,United Arab Emirates,19,5,0,2020-02-28 23:16:54.752
Asia,United Arab Emirates,United Arab Emirates,21,5,0,2020-02-29 23:16:54.752
North America,US,Arizona,1,0,0,2020-01-26 23:16:54.752
North America,US,Ashland,11,0,0,2020-02-21 23:16:54.752
North America,US,Boston,1,0,0,2020-02-01 23:16:54.752
North America,US,Boston,1,1,0,2020-02-28 23:16:54.752
North America,US,California,2,0,0,2020-01-26 23:16:54.752
North America,US,Chicago,1,0,0,2020-01-24 23:16:54.752
North America,US,Chicago,2,0,0,2020-02-01 23:16:54.752
North America,US,Chicago,2,2,0,2020-02-09 23:16:54.752
North America,US,Chicago,3,2,0,2020-03-01 23:16:54.752
North America,US,Humboldt County,1,0,0,2020-02-21 23:16:54.752
North America,US,Illinois,1,0,0,2020-01-25 23:16:54.752
North America,US,Illinois,2,0,0,2020-01-31 23:16:54.752
North America,US,Lackland,2,0,0,2020-02-21 23:16:54.752
North America,US,Lackland(From Diamond Princess),2,0,0,2020-02-21 23:16:54.752
North America,US,Los Angeles,1,0,0,2020-02-01 23:16:54.752
North America,US,Madison,1,0,0,2020-02-05 23:16:54.752
North America,US,Omaha(From Diamond Princess),11,0,0,2020-02-22 23:16:54.752
North America,US,Orange,1,0,0,2020-02-01 23:16:54.752
North America,US,Portland,1,0,0,2020-02-29 23:16:54.752
North America,US,Providence,1,0,0,2020-03-01 23:16:54.752
North America,US,Sacramento County,1,0,0,2020-02-21 23:16:54.752
North America,US,Sacramento County,2,0,0,2020-02-27 23:16:54.752
North America,US,San Antonio,1,0,0,2020-02-13 23:16:54.752
North America,US,San Benito,2,0,0,2020-02-03 23:16:54.752
North America,US,San Diego County,1,0,0,2020-02-11 23:16:54.752
North America,US,San Diego County,2,0,0,2020-02-13 23:16:54.752
North America,US,San Diego County,2,1,0,2020-02-21 23:16:54.752
North America,US,Santa Clara,1,0,0,2020-02-01 23:16:54.752
North America,US,Santa Clara,2,0,0,2020-02-04 23:16:54.752
North America,US,Santa Clara,2,1,0,2020-02-21 23:16:54.752
North America,US,Santa Clara,3,1,0,2020-02-29 23:16:54.752
North America,US,Seattle,1,0,0,2020-02-01 23:16:54.752
North America,US,Seattle,1,1,0,2020-02-09 23:16:54.752
North America,US,Seattle,6,1,1,2020-02-29 23:16:54.752
North America,US,Seattle,9,1,1,2020-03-01 23:16:54.752
North America,US,Snohomish County,1,0,0,2020-02-29 23:16:54.752
North America,US,Snohomish County,2,0,0,2020-03-01 23:16:54.752
North America,US,Tempe,1,0,0,2020-02-01 23:16:54.752
North America,US,Tempe,1,0,1,2020-02-25 23:16:54.752
North America,US,Travis,5,0,0,2020-02-21 23:16:54.752
North America,US,Travis(From Diamond Princess),5,0,0,2020-02-22 23:16:54.752
North America,US,Washington,1,0,0,2020-01-24 23:16:54.752
North America,US,Unknown(From Diamond Princess),36,0,0,2020-02-24 23:16:54.752
North America,US,Unknown(From Diamond Princess),42,0,0,2020-02-26 23:16:54.752
North America,US,Unknown(From Diamond Princess),44,0,0,2020-02-28 23:16:54.752
Asia,Vietnam,Vietnam,2,0,0,2020-01-24 23:16:54.752
Asia,Vietnam,Vietnam,6,1,0,2020-02-01 23:16:54.752
Asia,Vietnam,Vietnam,8,1,0,2020-02-03 23:16:54.752
Asia,Vietnam,Vietnam,10,1,0,2020-02-06 23:16:54.752
Asia,Vietnam,Vietnam,13,1,0,2020-02-08 23:16:54.752
Asia,Vietnam,Vietnam,14,1,0,2020-02-10 23:16:54.752
Asia,Vietnam,Vietnam,15,6,0,2020-02-11 23:16:54.752
Asia,Vietnam,Vietnam,16,7,0,2020-02-13 23:16:54.752
Asia,Vietnam,Vietnam,16,14,0,2020-02-21 23:16:54.752
Asia,Vietnam,Vietnam,16,16,0,2020-02-25 23:16:54.752